source,candidate,prob_pct,volume_usd,date,n_sources
polymarket,Marine Le Pen,34.65,2434246.34,2026-09-14,
polymarket,Jordan Bardella,2.05,2122470.53,2026-09-14,
polymarket,Éric Zemmour,0.95,2356766.95,2026-09-14,
polymarket,Édouard Philippe,26.5,1606648.24,2026-09-14,
polymarket,David Lisnard,7.65,2206412.36,2026-09-14,
polymarket,Xavier Bertrand,0.15,5954288.83,2026-09-14,
polymarket,Laurent Wauquiez,0.1,3683734.61,2026-09-14,
polymarket,François Ruffin,0.15,3662741.85,2026-09-14,
polymarket,Gabriel Attal,2.25,2271271.1,2026-09-14,
polymarket,Bruno Retailleau,1.55,2262938.94,2026-09-14,
polymarket,François Hollande,5.4,1814743.28,2026-09-14,
polymarket,Raphaël Glucksmann,1.45,1736449.2,2026-09-14,
polymarket,Jean-Luc Mélenchon,11.5,1452165.95,2026-09-14,
polymarket,Marine Tondelier,0.15,4164797.76,2026-09-14,
polymarket,Fabien Roussel,0.05,4244282.1,2026-09-14,
polymarket,Olivier Faure,0.05,5724427.88,2026-09-14,
polymarket,Dominique de Villepin,1.05,1884727.73,2026-09-14,
polymarket,Ségolène Royal,0.05,5981578.42,2026-09-14,
polymarket,François Asselineau,0.05,5755672.21,2026-09-14,
polymarket,Clémentine Autain,0.05,4990060.38,2026-09-14,
polymarket,Nicolas Dupont-Aignan,0.05,4731111.1,2026-09-14,
polymarket,Michel Barnier,0.05,5253704.29,2026-09-14,
polymarket,Valérie Pécresse,0.05,4066878.75,2026-09-14,
polymarket,François Bayrou,0.05,5939543.41,2026-09-14,
polymarket,Élisabeth Borne,0.05,5446131.56,2026-09-14,
polymarket,Yaël Braun-Pivet,0.05,5701431.99,2026-09-14,
polymarket,Jean Castex,0.15,1701900.74,2026-09-14,
polymarket,Gérald Darmanin,0.05,2086448.33,2026-09-14,
polymarket,Carole Delga,0.05,4742191.91,2026-09-14,
polymarket,Bernard Cazeneuve,0.05,2337327.9,2026-09-14,
polymarket,Manuel Bompard,0.05,4826240.6,2026-09-14,
polymarket,Mathilde Panot,0.05,6420672.52,2026-09-14,
polymarket,Sarah Knafo,1.15,2072384.99,2026-09-14,
polymarket,Juan Branco,0.1,2260427.73,2026-09-14,
polymarket,Clémence Guetté,0.1,4175188.53,2026-09-14,
polymarket,Sébastien Lecornu,0.65,1702378.36,2026-09-14,
polymarket,Karim Bouamrane,0.15,874103.28,2026-09-14,
polymarket,Lucie Castets,0.05,418273.52,2026-09-14,
polymarket,Yannick Jadot,0.05,750448.52,2026-09-14,
polymarket,François Baroin,0.1,1137750.5,2026-09-14,
polymarket,Marion Maréchal,0.05,441509.2,2026-09-14,
kalshi,Marine Le Pen,40.0,1.0,2026-09-14,
kalshi,Xavier Bertrand,0.5,1.0,2026-09-14,
kalshi,Dominique de Villepin,0.1,1.0,2026-09-14,
kalshi,David Lisnard,11.0,1.0,2026-09-14,
kalshi,Gabriel Attal,1.1,1.0,2026-09-14,
kalshi,Édouard Philippe,26.0,1.0,2026-09-14,
kalshi,Gérald Darmanin,6.0,1.0,2026-09-14,
kalshi,Éric Zemmour,1.9,1.0,2026-09-14,
kalshi,Bruno Retailleau,1.7,1.0,2026-09-14,
kalshi,Carole Delga,1.0,1.0,2026-09-14,
kalshi,Yaël Braun-Pivet,1.0,1.0,2026-09-14,
kalshi,Jean-Luc Mélenchon,11.0,1.0,2026-09-14,
kalshi,Olivier Faure,1.0,1.0,2026-09-14,
kalshi,Bruno Le Maire,1.0,1.0,2026-09-14,
kalshi,Élisabeth Borne,1.0,1.0,2026-09-14,
kalshi,Laurent Wauquiez,1.0,1.0,2026-09-14,
kalshi,Michel Barnier,1.0,1.0,2026-09-14,
kalshi,Mathilde Panot,1.0,1.0,2026-09-14,
kalshi,Valérie Pécresse,1.0,1.0,2026-09-14,
kalshi,Jordan Bardella,4.0,1.0,2026-09-14,
kalshi,Sarah Knafo,4.7,1.0,2026-09-14,
kalshi,François Hollande,5.0,1.0,2026-09-14,
kalshi,Manuel Bompard,0.9,1.0,2026-09-14,
kalshi,François Ruffin,2.0,1.0,2026-09-14,
kalshi,Jean Castex,0.1,1.0,2026-09-14,
kalshi,François Bayrou,5.0,1.0,2026-09-14,
kalshi,Bernard Cazeneuve,6.0,1.0,2026-09-14,
kalshi,Sébastien Lecornu,2.4,1.0,2026-09-14,
manifold,Alain Coulombel,0.14,44242.94,2026-09-14,
manifold,Bernard Cazeneuve,0.66,85577.42,2026-09-14,
manifold,Bruno Le Maire,0.1,85577.42,2026-09-14,
manifold,Bruno Retailleau,0.44,41334.48,2026-09-14,
manifold,Carole Delga,0.18,44242.94,2026-09-14,
manifold,Cécile Duflot,0.15,44242.94,2026-09-14,
manifold,Christiane Taubira,0.15,44242.94,2026-09-14,
manifold,Christine Lagarde,0.78,85577.42,2026-09-14,
manifold,David Lisnard,1.72,44242.94,2026-09-14,
manifold,Dominique de Villepin,2.26,85577.42,2026-09-14,
manifold,Édouard Philippe,29.81,85577.42,2026-09-14,
manifold,Élisabeth Borne,0.06,41334.48,2026-09-14,
manifold,Emmanuel Macron,0.08,85577.42,2026-09-14,
manifold,Eric Zemmour,0.29,85577.42,2026-09-14,
manifold,Eva Joly,0.15,44242.94,2026-09-14,
manifold,François Bayrou,0.09,41334.48,2026-09-14,
manifold,François Fillon,0.0,41334.48,2026-09-14,
manifold,François Hollande,0.61,85577.42,2026-09-14,
manifold,Francois Ruffin,0.78,85577.42,2026-09-14,
manifold,François-Xavier Bellamy,0.15,44242.94,2026-09-14,
manifold,Gabriel Attal,4.56,85577.42,2026-09-14,
manifold,Gérald Darmanin,0.58,85577.42,2026-09-14,
manifold,Gérard Larcher,0.5,85577.42,2026-09-14,
manifold,Jean-Luc Mélenchon,7.99,85577.42,2026-09-14,
manifold,Jordan Bardella,4.26,85577.42,2026-09-14,
manifold,Juan Branco,0.28,41334.48,2026-09-14,
manifold,Laurent Wauquiez,0.13,85577.42,2026-09-14,
manifold,Manon Aubry,0.27,44242.94,2026-09-14,
manifold,Marie Toussaint,0.17,44242.94,2026-09-14,
manifold,Marine Le Pen,33.64,85577.42,2026-09-14,
manifold,Marine Tondelier,0.45,85577.42,2026-09-14,
manifold,Marion Maréchal,0.36,44242.94,2026-09-14,
manifold,Michel Barnier,1.07,44242.94,2026-09-14,
manifold,Nathalie Arthaud,0.08,85577.42,2026-09-14,
manifold,Nicolas Sarkozy,0.24,44242.94,2026-09-14,
manifold,Olivier Faure,1.0,85577.42,2026-09-14,
manifold,Philippe Poutou,0.16,44242.94,2026-09-14,
manifold,Rachida Dati,0.08,41334.48,2026-09-14,
manifold,Raphaël Glucksmann,1.08,85577.42,2026-09-14,
manifold,Sarah Knafo,0.42,41334.48,2026-09-14,
manifold,Sébastien Lecornu,5.47,41334.48,2026-09-14,
manifold,Ségolène Royal,0.26,44242.94,2026-09-14,
manifold,Someone not on this list,0.0,41334.48,2026-09-14,
manifold,Xavier Bertrand,0.11,44242.94,2026-09-14,
consensus,Marine Le Pen,36.59,2519824.76,2026-09-14,3.0
consensus,Édouard Philippe,26.96,1692226.66,2026-09-14,3.0
consensus,Jean-Luc Mélenchon,10.6,1537744.37,2026-09-14,3.0
consensus,David Lisnard,7.8,2250656.3,2026-09-14,3.0
consensus,François Hollande,4.28,1900321.7,2026-09-14,3.0
consensus,Jordan Bardella,3.27,2208048.95,2026-09-14,3.0
consensus,Bernard Cazeneuve,2.55,2422906.32,2026-09-14,3.0
consensus,Gérald Darmanin,2.54,2172026.75,2026-09-14,3.0
consensus,Sarah Knafo,2.42,2113720.47,2026-09-14,3.0
consensus,Sébastien Lecornu,2.31,1743713.84,2026-09-14,3.0
consensus,Gabriel Attal,2.25,2356849.52,2026-09-14,3.0
consensus,François Bayrou,2.04,5980878.89,2026-09-14,3.0
consensus,Bruno Retailleau,1.39,2304274.42,2026-09-14,3.0
consensus,Raphaël Glucksmann,1.33,1822026.62,2026-09-14,2.0
consensus,Éric Zemmour,1.2,2442345.37,2026-09-14,3.0
consensus,François Ruffin,1.02,3748320.27,2026-09-14,3.0
consensus,Dominique de Villepin,0.91,1970306.15,2026-09-14,3.0
consensus,Christine Lagarde,0.78,85577.42,2026-09-14,1.0
consensus,Bruno Le Maire,0.7,85578.42,2026-09-14,2.0
consensus,Michel Barnier,0.63,5297948.23,2026-09-14,3.0
consensus,Olivier Faure,0.62,5810006.3,2026-09-14,3.0
consensus,Mathilde Panot,0.52,6420673.52,2026-09-14,2.0
consensus,Valérie Pécresse,0.52,4066879.75,2026-09-14,2.0
consensus,Yaël Braun-Pivet,0.52,5701432.99,2026-09-14,2.0
consensus,Gérard Larcher,0.5,85577.42,2026-09-14,1.0
consensus,Manuel Bompard,0.48,4826241.6,2026-09-14,2.0
consensus,Laurent Wauquiez,0.47,3769313.03,2026-09-14,3.0
consensus,Carole Delga,0.46,4786435.85,2026-09-14,3.0
consensus,Élisabeth Borne,0.43,5487467.04,2026-09-14,3.0
consensus,Xavier Bertrand,0.28,5998532.77,2026-09-14,3.0
consensus,Manon Aubry,0.27,44242.94,2026-09-14,1.0
consensus,Marine Tondelier,0.25,4250375.18,2026-09-14,2.0
consensus,Nicolas Sarkozy,0.24,44242.94,2026-09-14,1.0
consensus,Marie Toussaint,0.17,44242.94,2026-09-14,1.0
consensus,Juan Branco,0.16,2301762.21,2026-09-14,2.0
consensus,Philippe Poutou,0.16,44242.94,2026-09-14,1.0
consensus,François-Xavier Bellamy,0.15,44242.94,2026-09-14,1.0
consensus,Cécile Duflot,0.15,44242.94,2026-09-14,1.0
consensus,Christiane Taubira,0.15,44242.94,2026-09-14,1.0
consensus,Eva Joly,0.15,44242.94,2026-09-14,1.0
consensus,Karim Bouamrane,0.15,874103.28,2026-09-14,1.0
consensus,Marion Maréchal,0.15,485752.14,2026-09-14,2.0
consensus,Alain Coulombel,0.14,44242.94,2026-09-14,1.0
consensus,Ségolène Royal,0.12,6025821.36,2026-09-14,2.0
consensus,Jean Castex,0.12,1701901.74,2026-09-14,2.0
consensus,Clémence Guetté,0.1,4175188.53,2026-09-14,1.0
consensus,François Baroin,0.1,1137750.5,2026-09-14,1.0
consensus,Emmanuel Macron,0.08,85577.42,2026-09-14,1.0
consensus,Rachida Dati,0.08,41334.48,2026-09-14,1.0
consensus,Nathalie Arthaud,0.08,85577.42,2026-09-14,1.0
consensus,Lucie Castets,0.05,418273.52,2026-09-14,1.0
consensus,François Asselineau,0.05,5755672.21,2026-09-14,1.0
consensus,Fabien Roussel,0.05,4244282.1,2026-09-14,1.0
consensus,Clémentine Autain,0.05,4990060.38,2026-09-14,1.0
consensus,Yannick Jadot,0.05,750448.52,2026-09-14,1.0
consensus,Nicolas Dupont-Aignan,0.05,4731111.1,2026-09-14,1.0
consensus,François Fillon,0.0,41334.48,2026-09-14,1.0
consensus,Someone not on this list,0.0,41334.48,2026-09-14,1.0
